{
  "ID": "Fused Deposition Modelling - UMP",
  "Output_Parameters": {
    "Cost": {
      "C_e": 0.44685559103814804,
      "C_mat": 24.204810458101715,
      "C_p": 49.65166604913986
    },
    "Material": {
      "PVR_b": 84.00973106641678,
      "PVR_s": 99.36760475215051,
      "VR_b": 413001.9190902328,
      "VR_s": 488503.06907414214,
      "V_b": 78610.08090976716,
      "V_s": 3108.9309258578373,
      "m_b": 0.08096838333706018,
      "m_s": 0.0034198240184436213
    },
    "Miscellaneous": {
      "HSR": 0.75,
      "NP ": 6,
      "N_BB": 1,
      "PP": 0.035679096672789457,
      "SR": 25.084632282856337
    },
    "Sustainability": {
      "CO_2_FR_b": 0.10525889833817824,
      "CO_2_FR_s": 0.005129736027665432,
      "CO_2_F_b": 0.03643577250167708,
      "CO_2_F_s": 0.0017099120092218107,
      "CO_2_emission": 1.9384563040646423,
      "E": 4.062323554892255,
      "SEC": 28.0276154178154,
      "T_heat": 10155.808887230638
    },
    "Time": {
      "T ": 3.512323554892255,
      "T_o": 4.062323554892255,
      "T_tip": 1997.634799778441,
      "T_tip_wipe": 498.90833333333336
    }
  }
}
